{
  "model_type": "gbr",
  "train": {
    "cpu_rmse": 0.40600169512409784,
    "cpu_mae": 0.16481764743305213,
    "cpu_r2": 0.9990925122178814,
    "gpu_rmse": 0.14800714864840553,
    "gpu_mae": 0.04204964592999324,
    "gpu_r2": 0.9888159399154703
  }
}