{
  "model_type": "physics",
  "train": {
    "cpu_rmse": 0.8550323537312765,
    "cpu_mae": 0.24289711248925389,
    "gpu_rmse": 0.8968279810269744,
    "gpu_mae": 0.41598255112940696,
    "total_loss": 0.7676903767400844
  }
}